[
  {
    "assIdId": "0",
    "assIdName": "--Select--",
    "assIdListId":"mainContentPlaceHolder_cb_ASS_ID_chzn_o_0"
  },
  {
    "assIdId": "01",
    "assIdName": "ashok kumar Yadav",
	"assIdListId":"mainContentPlaceHolder_cb_ASS_ID_chzn_o_1"
  },
  {
    "assIdId": "02",
    "assIdName": "mahendra shing kathayet",
	"assIdListId":"mainContentPlaceHolder_cb_ASS_ID_chzn_o_2"
  },
  {
    "assIdId": "03",
    "assIdName": "Tilak Bahadur Ghishing",
	"assIdListId":"mainContentPlaceHolder_cb_ASS_ID_chzn_o_3"
  },
  {
    "assIdId": "04",
    "assIdName": "Harisaran sapkota",
	"assIdListId":"mainContentPlaceHolder_cb_ASS_ID_chzn_o_4"
  },
  {
    "assIdId": "05",
    "assIdName": "Dhurba Kumar Karki",
	"assIdListId":"mainContentPlaceHolder_cb_ASS_ID_chzn_o_5"
  },
  {
    "assIdId": "06",
    "assIdName": "Ramesh Bahadur Muktang",
	"assIdListId":"mainContentPlaceHolder_cb_ASS_ID_chzn_o_6"
  },
  {
    "assIdId": "07",
    "assIdName": "kumar bahadur tamang",
	"assIdListId":"mainContentPlaceHolder_cb_ASS_ID_chzn_o_7"
  },
  {
    "assIdId": "08",
    "assIdName": "sunil khadka",
	"assIdListId":"mainContentPlaceHolder_cb_ASS_ID_chzn_o_8"
  },
  {
    "assIdId": "09",
    "assIdName": "Anita Moktan",
	"assIdListId":"mainContentPlaceHolder_cb_ASS_ID_chzn_o_9"
  },
  {
    "assIdId": "10",
    "assIdName": "kishwor kumar shrestha",
	"assIdListId":"mainContentPlaceHolder_cb_ASS_ID_chzn_o_10"
  },
  {
    "assIdId": "11",
    "assIdName": "Som Bahadur Golae",
	"assIdListId":"mainContentPlaceHolder_cb_ASS_ID_chzn_o_11"
  },
  {
    "assIdId": "12",
    "assIdName": "Amrit Kumar Pahari",
	"assIdListId":"mainContentPlaceHolder_cb_ASS_ID_chzn_o_12"
  },
  {
    "assIdId": "13",
    "assIdName": "bhuwol bahadur pulami",
	"assIdListId":"mainContentPlaceHolder_cb_ASS_ID_chzn_o_13"
  },
  {
    "assIdId": "14",
    "assIdName": "lali bahadur rana magar",
	"assIdListId":"mainContentPlaceHolder_cb_ASS_ID_chzn_o_14"
  }
]
