[
  {
    "assTypeId": "0",
    "assTypeName": "--Select--",
    "assTypeListId":"mainContentPlaceHolder_cb_ASS_TYPE_chzn_o_0"
  },
  {
    "assTypeId": "01",
    "assTypeName": "Branch",
	"assTypeListId":"mainContentPlaceHolder_cb_ASS_TYPE_chzn_o_1"
  },
  {
    "assTypeId": "02",
    "assTypeName": "Dealer",
	"assTypeListId":"mainContentPlaceHolder_cb_ASS_TYPE_chzn_o_2"
  },
  {
    "assTypeId": "03",
    "assTypeName": "Agent",
	"assTypeListId":"mainContentPlaceHolder_cb_ASS_TYPE_chzn_o_3"
  }
]
