[
	{
		"batteryManufacturerId": "0",
		"batteryManufacturerName": "--Select--",
		"batteryManufacturerListId": "mainContentPlaceHolder_cb_BT_MANU_ID_chzn_o_0"
	},
	{
		"batteryManufacturerId": "01",
		"batteryManufacturerName": "Abdullah Battery Co. Pvt. Ltd.",
		"batteryManufacturerListId": "mainContentPlaceHolder_cb_BT_MANU_ID_chzn_o_1"
	},
	{
		"batteryManufacturerId": "02",
		"batteryManufacturerName": "Abdhulah Battery Co. Pvt. Ltd.",
		"batteryManufacturerListId": "mainContentPlaceHolder_cb_BT_MANU_ID_chzn_o_2"
	},
	{
		"batteryManufacturerId": "03",
		"batteryManufacturerName": "Eastman Auto & Power Ltd.",
		"batteryManufacturerListId": "mainContentPlaceHolder_cb_BT_MANU_ID_chzn_o_3"
	},
	{
		"batteryManufacturerId": "04",
		"batteryManufacturerName": "Amtek Batteries, India",
		"batteryManufacturerListId": "mainContentPlaceHolder_cb_BT_MANU_ID_chzn_o_4"
	},
	{
		"batteryManufacturerId": "05",
		"batteryManufacturerName": "Amalgamated Metal Corporation",
		"batteryManufacturerListId": "mainContentPlaceHolder_cb_BT_MANU_ID_chzn_o_5"
	},
	{
		"batteryManufacturerId": "06",
		"batteryManufacturerName": "Asian Batteries Pvt. Ltd.",
		"batteryManufacturerListId": "mainContentPlaceHolder_cb_BT_MANU_ID_chzn_o_6"
	},
	{
		"batteryManufacturerId": "07",
		"batteryManufacturerName": "Shree Jagdamba Battery Udhyog (P) Ltd.",
		"batteryManufacturerListId": "mainContentPlaceHolder_cb_BT_MANU_ID_chzn_o_7"
	},
	{
		"batteryManufacturerId": "08",
		"batteryManufacturerName": "Jagadamba Battery Udhyog",
		"batteryManufacturerListId": "mainContentPlaceHolder_cb_BT_MANU_ID_chzn_o_8"
	},
	{
		"batteryManufacturerId": "09",
		"batteryManufacturerName": "Urja Batteries Limited",
		"batteryManufacturerListId": "mainContentPlaceHolder_cb_BT_MANU_ID_chzn_o_9"
	},
	{
		"batteryManufacturerId": "10",
		"batteryManufacturerName": "FNS Power Technology Inc.",
		"batteryManufacturerListId": "mainContentPlaceHolder_cb_BT_MANU_ID_chzn_o_10"
	},
	{
		"batteryManufacturerId": "11",
		"batteryManufacturerName": "Marathon Batteries Pvt. Ltd.",
		"batteryManufacturerListId": "mainContentPlaceHolder_cb_BT_MANU_ID_chzn_o_11"
	},
	{
		"batteryManufacturerId": "12",
		"batteryManufacturerName": "China Machinery Engineering Wuxi Co. Ltd.",
		"batteryManufacturerListId": "mainContentPlaceHolder_cb_BT_MANU_ID_chzn_o_12"
	},
	{
		"batteryManufacturerId": "13",
		"batteryManufacturerName": "Bisha Developers Pvt. Ltd",
		"batteryManufacturerListId": "mainContentPlaceHolder_cb_BT_MANU_ID_chzn_o_13"
	},
	{
		"batteryManufacturerId": "14",
		"batteryManufacturerName": "Bharat Accumulators Ltd. (Urja Battries Limited)",
		"batteryManufacturerListId": "mainContentPlaceHolder_cb_BT_MANU_ID_chzn_o_14"
	},
	{
		"batteryManufacturerId": "15",
		"batteryManufacturerName": "Bisha Developers pvt. ltd (smart)",
		"batteryManufacturerListId": "mainContentPlaceHolder_cb_BT_MANU_ID_chzn_o_15"
	},
	{
		"batteryManufacturerId": "16",
		"batteryManufacturerName": "Bindal Technopolymer Pvt. Ltd.",
		"batteryManufacturerListId": "mainContentPlaceHolder_cb_BT_MANU_ID_chzn_o_16"
	},
	{
		"batteryManufacturerId": "17",
		"batteryManufacturerName": "Castwell Metal Industries",
		"batteryManufacturerListId": "mainContentPlaceHolder_cb_BT_MANU_ID_chzn_o_17"
	},
	{
		"batteryManufacturerId": "18",
		"batteryManufacturerName": "Daramic Battery Separator India Pvt Ltd",
		"batteryManufacturerListId": "mainContentPlaceHolder_cb_BT_MANU_ID_chzn_o_18"
	},
	{
		"batteryManufacturerId": "19",
		"batteryManufacturerName": "Deepak  power storages",
		"batteryManufacturerListId": "mainContentPlaceHolder_cb_BT_MANU_ID_chzn_o_19"
	},
	{
		"batteryManufacturerId": "20",
		"batteryManufacturerName": "Eastman Auto & Power Ltd",
		"batteryManufacturerListId": "mainContentPlaceHolder_cb_BT_MANU_ID_chzn_o_20"
	},
	{
		"batteryManufacturerId": "21",
		"batteryManufacturerName": "Exide Industries Limited",
		"batteryManufacturerListId": "mainContentPlaceHolder_cb_BT_MANU_ID_chzn_o_21"
	},
	{
		"batteryManufacturerId": "22",
		"batteryManufacturerName": "Excide Industries Ltd.",
		"batteryManufacturerListId": "mainContentPlaceHolder_cb_BT_MANU_ID_chzn_o_22"
	},
	{
		"batteryManufacturerId": "23",
		"batteryManufacturerName": "First Power Battery  Ltd.",
		"batteryManufacturerListId": "mainContentPlaceHolder_cb_BT_MANU_ID_chzn_o_23"
	},
	{
		"batteryManufacturerId": "24",
		"batteryManufacturerName": "Far East First New Energy Co. Ltd.",
		"batteryManufacturerListId": "mainContentPlaceHolder_cb_BT_MANU_ID_chzn_o_24"
	},
	{
		"batteryManufacturerId": "25",
		"batteryManufacturerName": "Gem Batteries Pvt. Ltd.",
		"batteryManufacturerListId": "mainContentPlaceHolder_cb_BT_MANU_ID_chzn_o_25"
	},
	{
		"batteryManufacturerId": "2",
		"batteryManufacturerName": "Abdhulah Battery Co. Pvt. Ltd.",
		"batteryManufacturerListId": "mainContentPlaceHolder_cb_BT_MANU_ID_chzn_o_2"
	},
	{
		"batteryManufacturerId": "27",
		"batteryManufacturerName": "HBL Power Systems Ltd.",
		"batteryManufacturerListId": "mainContentPlaceHolder_cb_BT_MANU_ID_chzn_o_27"
	},
	{
		"batteryManufacturerId": "28",
		"batteryManufacturerName": "HNS Tech Enterprise",
		"batteryManufacturerListId": "mainContentPlaceHolder_cb_BT_MANU_ID_chzn_o_28"
	},
	{
		"batteryManufacturerId": "29",
		"batteryManufacturerName": "Hollandai",
		"batteryManufacturerListId": "mainContentPlaceHolder_cb_BT_MANU_ID_chzn_o_29"
	},
	{
		"batteryManufacturerId": "30",
		"batteryManufacturerName": "Incoe Battery",
		"batteryManufacturerListId": "mainContentPlaceHolder_cb_BT_MANU_ID_chzn_o_30"
	},
	{
		"batteryManufacturerId": "31",
		"batteryManufacturerName": "Inzen Power Solution PVt ltd",
		"batteryManufacturerListId": "mainContentPlaceHolder_cb_BT_MANU_ID_chzn_o_31"
	},
	{
		"batteryManufacturerId": "32",
		"batteryManufacturerName": "Inzen Power Solutions Pvt. Ltd.",
		"batteryManufacturerListId": "mainContentPlaceHolder_cb_BT_MANU_ID_chzn_o_32"
	},
	{
		"batteryManufacturerId": "33",
		"batteryManufacturerName": "Kulayan Batteries Industry",
		"batteryManufacturerListId": "mainContentPlaceHolder_cb_BT_MANU_ID_chzn_o_33"
	},
	{
		"batteryManufacturerId": "34",
		"batteryManufacturerName": "Kulayan Battery Industry Pvt. Ltd.",
		"batteryManufacturerListId": "mainContentPlaceHolder_cb_BT_MANU_ID_chzn_o_34"
	},
	{
		"batteryManufacturerId": "35",
		"batteryManufacturerName": "Leadstone Energy Limited",
		"batteryManufacturerListId": "mainContentPlaceHolder_cb_BT_MANU_ID_chzn_o_35"
	},
	{
		"batteryManufacturerId": "36",
		"batteryManufacturerName": "Shenzhen Leoch Battery Technology Co.Ltd.",
		"batteryManufacturerListId": "mainContentPlaceHolder_cb_BT_MANU_ID_chzn_o_36"
	},
	{
		"batteryManufacturerId": "37",
		"batteryManufacturerName": "Luminous Power Technology Pvt. Ltd.",
		"batteryManufacturerListId": "mainContentPlaceHolder_cb_BT_MANU_ID_chzn_o_37"
	},
	{
		"batteryManufacturerId": "38",
		"batteryManufacturerName": "Mn&T Sdn Bhd",
		"batteryManufacturerListId": "mainContentPlaceHolder_cb_BT_MANU_ID_chzn_o_38"
	},
	{
		"batteryManufacturerId": "39",
		"batteryManufacturerName": "Metafield Trade Pte Ltd",
		"batteryManufacturerListId": "mainContentPlaceHolder_cb_BT_MANU_ID_chzn_o_39"
	},
	{
		"batteryManufacturerId": "40",
		"batteryManufacturerName": "Racily udyog",
		"batteryManufacturerListId": "mainContentPlaceHolder_cb_BT_MANU_ID_chzn_o_40"
	},
	{
		"batteryManufacturerId": "41",
		"batteryManufacturerName": "Rahimafrooz Accumlaters  limited (VOLTA)",
		"batteryManufacturerListId": "mainContentPlaceHolder_cb_BT_MANU_ID_chzn_o_41"
	},
	{
		"batteryManufacturerId": "42",
		"batteryManufacturerName": "Rahimafrooz Accumulators Limited",
		"batteryManufacturerListId": "mainContentPlaceHolder_cb_BT_MANU_ID_chzn_o_42"
	},
	{
		"batteryManufacturerId": "43",
		"batteryManufacturerName": "Solar Frontier Ltd. Japan",
		"batteryManufacturerListId": "mainContentPlaceHolder_cb_BT_MANU_ID_chzn_o_43"
	},
	{
		"batteryManufacturerId": "44",
		"batteryManufacturerName": "shandong sacredusn power sources co.ltd",
		"batteryManufacturerListId": "mainContentPlaceHolder_cb_BT_MANU_ID_chzn_o_44"
	},
	{
		"batteryManufacturerId": "45",
		"batteryManufacturerName": "Luminious Power Technologies Pvt. Ltd.",
		"batteryManufacturerListId": "mainContentPlaceHolder_cb_BT_MANU_ID_chzn_o_45"
	},
	{
		"batteryManufacturerId": "46",
		"batteryManufacturerName": "Solarland Solar Technology & Solution",
		"batteryManufacturerListId": "mainContentPlaceHolder_cb_BT_MANU_ID_chzn_o_46"
	},
	{
		"batteryManufacturerId": "47",
		"batteryManufacturerName": "Southern Batteries Pvt. ltd",
		"batteryManufacturerListId": "mainContentPlaceHolder_cb_BT_MANU_ID_chzn_o_47"
	},
	{
		"batteryManufacturerId": "48",
		"batteryManufacturerName": "Sparco batteries Pvt. Ltd.",
		"batteryManufacturerListId": "mainContentPlaceHolder_cb_BT_MANU_ID_chzn_o_48"
	},
	{
		"batteryManufacturerId": "49",
		"batteryManufacturerName": "Star Battery Limited",
		"batteryManufacturerListId": "mainContentPlaceHolder_cb_BT_MANU_ID_chzn_o_49"
	},
	{
		"batteryManufacturerId": "50",
		"batteryManufacturerName": "Sundaya",
		"batteryManufacturerListId": "mainContentPlaceHolder_cb_BT_MANU_ID_chzn_o_50"
	},
	{
		"batteryManufacturerId": "51",
		"batteryManufacturerName": "SUNERA Battery/Kulyan",
		"batteryManufacturerListId": "mainContentPlaceHolder_cb_BT_MANU_ID_chzn_o_51"
	},
	{
		"batteryManufacturerId": "52",
		"batteryManufacturerName": "Taken for Repair",
		"batteryManufacturerListId": "mainContentPlaceHolder_cb_BT_MANU_ID_chzn_o_52"
	},
	{
		"batteryManufacturerId": "53",
		"batteryManufacturerName": "Trident Metal Energy Pvt. Ltd.",
		"batteryManufacturerListId": "mainContentPlaceHolder_cb_BT_MANU_ID_chzn_o_53"
	},
	{
		"batteryManufacturerId": "54",
		"batteryManufacturerName": "Trojan Battery",
		"batteryManufacturerListId": "mainContentPlaceHolder_cb_BT_MANU_ID_chzn_o_54"
	},
	{
		"batteryManufacturerId": "55",
		"batteryManufacturerName": "Unikor Battery Company Pvt. Ltd.(MX Volta)",
		"batteryManufacturerListId": "mainContentPlaceHolder_cb_BT_MANU_ID_chzn_o_55"
	},
	{
		"batteryManufacturerId": "56",
		"batteryManufacturerName": "US Battery",
		"batteryManufacturerListId": "mainContentPlaceHolder_cb_BT_MANU_ID_chzn_o_56"
	},
	{
		"batteryManufacturerId": "57",
		"batteryManufacturerName": "Vishwakarma Industries",
		"batteryManufacturerListId": "mainContentPlaceHolder_cb_BT_MANU_ID_chzn_o_57"
	}
]