[
	{
		"batteryTypeId": "0",
		"batteryTypeName": "--Select--",
		"batteryTypeListId":"mainContentPlaceHolder_cb_BT_TYPE_chzn_o_0"
	},
	{
		"batteryTypeId": "01",
		"batteryTypeName": "Flooded",
		"batteryTypeListId":"mainContentPlaceHolder_cb_BT_TYPE_chzn_o_1"
	},
	{
		"batteryTypeId": "02",
		"batteryTypeName": "VRLA",
		"batteryTypeListId":"mainContentPlaceHolder_cb_BT_TYPE_chzn_o_2"
	},
	{
		"batteryTypeId": "03",
		"batteryTypeName": "GEL",
		"batteryTypeListId":"mainContentPlaceHolder_cb_BT_TYPE_chzn_o_3"
	},
	{
		"batteryTypeId": "04",
		"batteryTypeName": "Tubular Plate",
		"batteryTypeListId":"mainContentPlaceHolder_cb_BT_TYPE_chzn_o_4"
	},
	{
		"batteryTypeId": "05",
		"batteryTypeName": "Li-Ion",
		"batteryTypeListId":"mainContentPlaceHolder_cb_BT_TYPE_chzn_o_5"
	}
]