[
  {
    "bdaIdId": "0",
    "bdaIdName": "--Select--",
    "bdaIdListId":"mainContentPlaceHolder_cb_BDA_ID_chzn_o_0"
  },
  {
    "bdaIdId": "01",
    "bdaIdName": "ashok kumar Yadav",
	"bdaIdListId":"mainContentPlaceHolder_cb_BDA_ID_chzn_o_1"
  },
  {
    "bdaIdId": "02",
    "bdaIdName": "mahendra shing kathayet",
	"bdaIdListId":"mainContentPlaceHolder_cb_BDA_ID_chzn_o_2"
  },
  {
    "bdaIdId": "03",
    "bdaIdName": "Tilak Bahadur Ghishing",
	"bdaIdListId":"mainContentPlaceHolder_cb_BDA_ID_chzn_o_3"
  },
  {
    "bdaIdId": "04",
    "bdaIdName": "Harisaran sapkota",
	"bdaIdListId":"mainContentPlaceHolder_cb_BDA_ID_chzn_o_4"
  },
  {
    "bdaIdId": "05",
    "bdaIdName": "Dhurba Kumar Karki",
	"bdaIdListId":"mainContentPlaceHolder_cb_BDA_ID_chzn_o_5"
  },
  {
    "bdaIdId": "06",
    "bdaIdName": "Ramesh Bahadur Muktang",
	"bdaIdListId":"mainContentPlaceHolder_cb_BDA_ID_chzn_o_6"
  },
  {
    "bdaIdId": "07",
    "bdaIdName": "kumar bahadur tamang",
	"bdaIdListId":"mainContentPlaceHolder_cb_BDA_ID_chzn_o_7"
  },
  {
    "bdaIdId": "08",
    "bdaIdName": "sunil khadka",
	"bdaIdListId":"mainContentPlaceHolder_cb_BDA_ID_chzn_o_8"
  },
  {
    "bdaIdId": "09",
    "bdaIdName": "Anita Moktan",
	"bdaIdListId":"mainContentPlaceHolder_cb_BDA_ID_chzn_o_9"
  },
  {
    "bdaIdId": "10",
    "bdaIdName": "kishwor kumar shrestha",
	"bdaIdListId":"mainContentPlaceHolder_cb_BDA_ID_chzn_o_10"
  },
  {
    "bdaIdId": "11",
    "bdaIdName": "Som Bahadur Golae",
	"bdaIdListId":"mainContentPlaceHolder_cb_BDA_ID_chzn_o_11"
  },
  {
    "bdaIdId": "12",
    "bdaIdName": "Amrit Kumar Pahari",
	"bdaIdListId":"mainContentPlaceHolder_cb_BDA_ID_chzn_o_12"
  },
  {
    "bdaIdId": "13",
    "bdaIdName": "bhuwol bahadur pulami",
	"bdaIdListId":"mainContentPlaceHolder_cb_BDA_ID_chzn_o_13"
  },
  {
    "bdaIdId": "14",
    "bdaIdName": "lali bahadur rana magar",
	"bdaIdListId":"mainContentPlaceHolder_cb_BDA_ID_chzn_o_14"
  }
]
