[
  {
    "bdaTypeId": "0",
    "bdaTypeName": "--Select--",
    "bdaTypeListId":"mainContentPlaceHolder_cb_BDA_TYPE_chzn_o_0"
  },
  {
    "bdaTypeId": "01",
    "bdaTypeName": "Branch",
	"bdaTypeListId":"mainContentPlaceHolder_cb_BDA_TYPE_chzn_o_1"
  },
  {
    "bdaTypeId": "02",
    "bdaTypeName": "Dealer",
	"bdaTypeListId":"mainContentPlaceHolder_cb_BDA_TYPE_chzn_o_2"
  },
  {
    "bdaTypeId": "03",
    "bdaTypeName": "Agent",
	"bdaTypeListId":"mainContentPlaceHolder_cb_BDA_TYPE_chzn_o_3"
  }
]
