[
	{
		"chargeControllerManufacturerId": "0",
		"chargeControllerManufacturerName": "--Select--",
		"chargeControllerManufacturerListId": "mainContentPlaceHolder_cb_CC_MANU_ID_chzn_o_0"
	},
	{
		"chargeControllerManufacturerId": "01",
		"chargeControllerManufacturerName": "Alternative Energy Resource Nepal Pvt. Ltd",
		"chargeControllerManufacturerListId": "mainContentPlaceHolder_cb_CC_MANU_ID_chzn_o_1"
	},
	{
		"chargeControllerManufacturerId": "02",
		"chargeControllerManufacturerName": "AKW Electronics",
		"chargeControllerManufacturerListId": "mainContentPlaceHolder_cb_CC_MANU_ID_chzn_o_2"
	},
	{
		"chargeControllerManufacturerId": "03",
		"chargeControllerManufacturerName": "AKW electronics",
		"chargeControllerManufacturerListId": "mainContentPlaceHolder_cb_CC_MANU_ID_chzn_o_3"
	},
	{
		"chargeControllerManufacturerId": "04",
		"chargeControllerManufacturerName": "Arsh Electronics",
		"chargeControllerManufacturerListId": "mainContentPlaceHolder_cb_CC_MANU_ID_chzn_o_4"
	},
	{
		"chargeControllerManufacturerId": "05",
		"chargeControllerManufacturerName": "Associate Enterprises",
		"chargeControllerManufacturerListId": "mainContentPlaceHolder_cb_CC_MANU_ID_chzn_o_5"
	},
	{
		"chargeControllerManufacturerId": "06",
		"chargeControllerManufacturerName": "Atersa",
		"chargeControllerManufacturerListId": "mainContentPlaceHolder_cb_CC_MANU_ID_chzn_o_6"
	},
	{
		"chargeControllerManufacturerId": "07",
		"chargeControllerManufacturerName": "Array Tech Technologies",
		"chargeControllerManufacturerListId": "mainContentPlaceHolder_cb_CC_MANU_ID_chzn_o_7"
	},
	{
		"chargeControllerManufacturerId": "08",
		"chargeControllerManufacturerName": "Best Energy Systems",
		"chargeControllerManufacturerListId": "mainContentPlaceHolder_cb_CC_MANU_ID_chzn_o_8"
	},
	{
		"chargeControllerManufacturerId": "09",
		"chargeControllerManufacturerName": "Beijing Episolar Technology Co. Ltd.",
		"chargeControllerManufacturerListId": "mainContentPlaceHolder_cb_CC_MANU_ID_chzn_o_9"
	},
	{
		"chargeControllerManufacturerId": "10",
		"chargeControllerManufacturerName": "Bio Energy Pvt. Ltd",
		"chargeControllerManufacturerListId": "mainContentPlaceHolder_cb_CC_MANU_ID_chzn_o_10"
	},
	{
		"chargeControllerManufacturerId": "11",
		"chargeControllerManufacturerName": "bp engineering  Consult pvt ltd",
		"chargeControllerManufacturerListId": "mainContentPlaceHolder_cb_CC_MANU_ID_chzn_o_11"
	},
	{
		"chargeControllerManufacturerId": "12",
		"chargeControllerManufacturerName": "Bypassed",
		"chargeControllerManufacturerListId": "mainContentPlaceHolder_cb_CC_MANU_ID_chzn_o_12"
	},
	{
		"chargeControllerManufacturerId": "13",
		"chargeControllerManufacturerName": "Fns Power Technology Inc",
		"chargeControllerManufacturerListId": "mainContentPlaceHolder_cb_CC_MANU_ID_chzn_o_13"
	},
	{
		"chargeControllerManufacturerId": "14",
		"chargeControllerManufacturerName": "Lento Industries Pvt. Ltd.",
		"chargeControllerManufacturerListId": "mainContentPlaceHolder_cb_CC_MANU_ID_chzn_o_14"
	},
	{
		"chargeControllerManufacturerId": "15",
		"chargeControllerManufacturerName": "China Machinery Engineering Wuxi Co. Ltd.",
		"chargeControllerManufacturerListId": "mainContentPlaceHolder_cb_CC_MANU_ID_chzn_o_15"
	},
	{
		"chargeControllerManufacturerId": "16",
		"chargeControllerManufacturerName": "Conergy Energy",
		"chargeControllerManufacturerListId": "mainContentPlaceHolder_cb_CC_MANU_ID_chzn_o_16"
	},
	{
		"chargeControllerManufacturerId": "17",
		"chargeControllerManufacturerName": "Chloride Power Systems & Solutions Limited",
		"chargeControllerManufacturerListId": "mainContentPlaceHolder_cb_CC_MANU_ID_chzn_o_17"
	},
	{
		"chargeControllerManufacturerId": "18",
		"chargeControllerManufacturerName": "Care Solar LLC",
		"chargeControllerManufacturerListId": "mainContentPlaceHolder_cb_CC_MANU_ID_chzn_o_18"
	},
	{
		"chargeControllerManufacturerId": "19",
		"chargeControllerManufacturerName": "Dhaulagiri Solar & Electronics Pvt. Ltd.",
		"chargeControllerManufacturerListId": "mainContentPlaceHolder_cb_CC_MANU_ID_chzn_o_19"
	},
	{
		"chargeControllerManufacturerId": "20",
		"chargeControllerManufacturerName": "Energy and Construction Co. Pvt. Ltd",
		"chargeControllerManufacturerListId": "mainContentPlaceHolder_cb_CC_MANU_ID_chzn_o_20"
	},
	{
		"chargeControllerManufacturerId": "21",
		"chargeControllerManufacturerName": "Everest Solar Energy (P) Ltd.",
		"chargeControllerManufacturerListId": "mainContentPlaceHolder_cb_CC_MANU_ID_chzn_o_21"
	},
	{
		"chargeControllerManufacturerId": "22",
		"chargeControllerManufacturerName": "Everexceed Solar corp pte ltd smart power",
		"chargeControllerManufacturerListId": "mainContentPlaceHolder_cb_CC_MANU_ID_chzn_o_22"
	},
	{
		"chargeControllerManufacturerId": "23",
		"chargeControllerManufacturerName": "Expo Electronics",
		"chargeControllerManufacturerListId": "mainContentPlaceHolder_cb_CC_MANU_ID_chzn_o_23"
	},
	{
		"chargeControllerManufacturerId": "24",
		"chargeControllerManufacturerName": "expo electronics sunpower",
		"chargeControllerManufacturerListId": "mainContentPlaceHolder_cb_CC_MANU_ID_chzn_o_24"
	},
	{
		"chargeControllerManufacturerId": "25",
		"chargeControllerManufacturerName": "Genep Energy System P Ltd",
		"chargeControllerManufacturerListId": "mainContentPlaceHolder_cb_CC_MANU_ID_chzn_o_25"
	},
	{
		"chargeControllerManufacturerId": "26",
		"chargeControllerManufacturerName": "Green Zone Pte. Ltd.",
		"chargeControllerManufacturerListId": "mainContentPlaceHolder_cb_CC_MANU_ID_chzn_o_26"
	},
	{
		"chargeControllerManufacturerId": "27",
		"chargeControllerManufacturerName": "Gren Zone Pte. Ltd",
		"chargeControllerManufacturerListId": "mainContentPlaceHolder_cb_CC_MANU_ID_chzn_o_27"
	},
	{
		"chargeControllerManufacturerId": "28",
		"chargeControllerManufacturerName": "GZ DPTR Energy & Electron Co. Ltd.",
		"chargeControllerManufacturerListId": "mainContentPlaceHolder_cb_CC_MANU_ID_chzn_o_28"
	},
	{
		"chargeControllerManufacturerId": "29",
		"chargeControllerManufacturerName": "hubei bluelight science & technology development co. ltd",
		"chargeControllerManufacturerListId": "mainContentPlaceHolder_cb_CC_MANU_ID_chzn_o_29"
	},
	{
		"chargeControllerManufacturerId": "30",
		"chargeControllerManufacturerName": "Isofoton SA",
		"chargeControllerManufacturerListId": "mainContentPlaceHolder_cb_CC_MANU_ID_chzn_o_30"
	},
	{
		"chargeControllerManufacturerId": "31",
		"chargeControllerManufacturerName": "Kantipur Urja",
		"chargeControllerManufacturerListId": "mainContentPlaceHolder_cb_CC_MANU_ID_chzn_o_31"
	},
	{
		"chargeControllerManufacturerId": "32",
		"chargeControllerManufacturerName": "Krishna Grill and Engineering",
		"chargeControllerManufacturerListId": "mainContentPlaceHolder_cb_CC_MANU_ID_chzn_o_32"
	},
	{
		"chargeControllerManufacturerId": "33",
		"chargeControllerManufacturerName": "Lek Beshi Surya Urja",
		"chargeControllerManufacturerListId": "mainContentPlaceHolder_cb_CC_MANU_ID_chzn_o_33"
	},
	{
		"chargeControllerManufacturerId": "34",
		"chargeControllerManufacturerName": "liang guang Shang company",
		"chargeControllerManufacturerListId": "mainContentPlaceHolder_cb_CC_MANU_ID_chzn_o_34"
	},
	{
		"chargeControllerManufacturerId": "35",
		"chargeControllerManufacturerName": "Lasersun Energy",
		"chargeControllerManufacturerListId": "mainContentPlaceHolder_cb_CC_MANU_ID_chzn_o_35"
	},
	{
		"chargeControllerManufacturerId": "36",
		"chargeControllerManufacturerName": "Lotus Energy",
		"chargeControllerManufacturerListId": "mainContentPlaceHolder_cb_CC_MANU_ID_chzn_o_36"
	},
	{
		"chargeControllerManufacturerId": "37",
		"chargeControllerManufacturerName": "MACON",
		"chargeControllerManufacturerListId": "mainContentPlaceHolder_cb_CC_MANU_ID_chzn_o_37"
	},
	{
		"chargeControllerManufacturerId": "38",
		"chargeControllerManufacturerName": "Maruthi Solar systems",
		"chargeControllerManufacturerListId": "mainContentPlaceHolder_cb_CC_MANU_ID_chzn_o_38"
	},
	{
		"chargeControllerManufacturerId": "39",
		"chargeControllerManufacturerName": "Macon India",
		"chargeControllerManufacturerListId": "mainContentPlaceHolder_cb_CC_MANU_ID_chzn_o_39"
	},
	{
		"chargeControllerManufacturerId": "40",
		"chargeControllerManufacturerName": "Mid Nite Solar Inc",
		"chargeControllerManufacturerListId": "mainContentPlaceHolder_cb_CC_MANU_ID_chzn_o_40"
	},
	{
		"chargeControllerManufacturerId": "41",
		"chargeControllerManufacturerName": "Morning Star Corporation",
		"chargeControllerManufacturerListId": "mainContentPlaceHolder_cb_CC_MANU_ID_chzn_o_41"
	},
	{
		"chargeControllerManufacturerId": "42",
		"chargeControllerManufacturerName": "Maruthi Solar Systems India",
		"chargeControllerManufacturerListId": "mainContentPlaceHolder_cb_CC_MANU_ID_chzn_o_42"
	},
	{
		"chargeControllerManufacturerId": "43",
		"chargeControllerManufacturerName": "Nabajyouti Urja Pvt. Ltd",
		"chargeControllerManufacturerListId": "mainContentPlaceHolder_cb_CC_MANU_ID_chzn_o_43"
	},
	{
		"chargeControllerManufacturerId": "44",
		"chargeControllerManufacturerName": "No Sticker( turn due to weather or by user)",
		"chargeControllerManufacturerListId": "mainContentPlaceHolder_cb_CC_MANU_ID_chzn_o_44"
	},
	{
		"chargeControllerManufacturerId": "45",
		"chargeControllerManufacturerName": "No Sticker (initially)",
		"chargeControllerManufacturerListId": "mainContentPlaceHolder_cb_CC_MANU_ID_chzn_o_45"
	},
	{
		"chargeControllerManufacturerId": "46",
		"chargeControllerManufacturerName": "Phocus india",
		"chargeControllerManufacturerListId": "mainContentPlaceHolder_cb_CC_MANU_ID_chzn_o_46"
	},
	{
		"chargeControllerManufacturerId": "47",
		"chargeControllerManufacturerName": "Sundaya",
		"chargeControllerManufacturerListId": "mainContentPlaceHolder_cb_CC_MANU_ID_chzn_o_47"
	},
	{
		"chargeControllerManufacturerId": "48",
		"chargeControllerManufacturerName": "Rising Solar Technology Co. Ltd.",
		"chargeControllerManufacturerListId": "mainContentPlaceHolder_cb_CC_MANU_ID_chzn_o_48"
	},
	{
		"chargeControllerManufacturerId": "49",
		"chargeControllerManufacturerName": "RURAL AND ALTERNATIVE ENERGY PVT LTD",
		"chargeControllerManufacturerListId": "mainContentPlaceHolder_cb_CC_MANU_ID_chzn_o_49"
	},
	{
		"chargeControllerManufacturerId": "50",
		"chargeControllerManufacturerName": "Solar Electricity Company",
		"chargeControllerManufacturerListId": "mainContentPlaceHolder_cb_CC_MANU_ID_chzn_o_50"
	},
	{
		"chargeControllerManufacturerId": "51",
		"chargeControllerManufacturerName": "Sadhana Energy Device(GRE 0)",
		"chargeControllerManufacturerListId": "mainContentPlaceHolder_cb_CC_MANU_ID_chzn_o_51"
	},
	{
		"chargeControllerManufacturerId": "52",
		"chargeControllerManufacturerName": "SHIJITEK Insrrument India",
		"chargeControllerManufacturerListId": "mainContentPlaceHolder_cb_CC_MANU_ID_chzn_o_52"
	},
	{
		"chargeControllerManufacturerId": "53",
		"chargeControllerManufacturerName": "SHIJTEK CC",
		"chargeControllerManufacturerListId": "mainContentPlaceHolder_cb_CC_MANU_ID_chzn_o_53"
	},
	{
		"chargeControllerManufacturerId": "54",
		"chargeControllerManufacturerName": "Shree Electronics & Solar Energy",
		"chargeControllerManufacturerListId": "mainContentPlaceHolder_cb_CC_MANU_ID_chzn_o_54"
	},
	{
		"chargeControllerManufacturerId": "55",
		"chargeControllerManufacturerName": "Su-Kam Power System Ltd",
		"chargeControllerManufacturerListId": "mainContentPlaceHolder_cb_CC_MANU_ID_chzn_o_55"
	},
	{
		"chargeControllerManufacturerId": "56",
		"chargeControllerManufacturerName": "Solar Zone",
		"chargeControllerManufacturerListId": "mainContentPlaceHolder_cb_CC_MANU_ID_chzn_o_56"
	},
	{
		"chargeControllerManufacturerId": "57",
		"chargeControllerManufacturerName": "Soltronix Energy Pvt.ltd.",
		"chargeControllerManufacturerListId": "mainContentPlaceHolder_cb_CC_MANU_ID_chzn_o_57"
	},
	{
		"chargeControllerManufacturerId": "58",
		"chargeControllerManufacturerName": "Shijitek Instruments",
		"chargeControllerManufacturerListId": "mainContentPlaceHolder_cb_CC_MANU_ID_chzn_o_58"
	},
	{
		"chargeControllerManufacturerId": "59",
		"chargeControllerManufacturerName": "Sunera Engineering",
		"chargeControllerManufacturerListId": "mainContentPlaceHolder_cb_CC_MANU_ID_chzn_o_59"
	},
	{
		"chargeControllerManufacturerId": "60",
		"chargeControllerManufacturerName": "Sun Solar Electronics",
		"chargeControllerManufacturerListId": "mainContentPlaceHolder_cb_CC_MANU_ID_chzn_o_60"
	},
	{
		"chargeControllerManufacturerId": "61",
		"chargeControllerManufacturerName": "sun beam solar Energy pvt.ltd",
		"chargeControllerManufacturerListId": "mainContentPlaceHolder_cb_CC_MANU_ID_chzn_o_61"
	},
	{
		"chargeControllerManufacturerId": "62",
		"chargeControllerManufacturerName": "Sun Solar Energy Nepal Pvt ltd",
		"chargeControllerManufacturerListId": "mainContentPlaceHolder_cb_CC_MANU_ID_chzn_o_62"
	},
	{
		"chargeControllerManufacturerId": "63",
		"chargeControllerManufacturerName": "Sunrise Energy and Accesories Works",
		"chargeControllerManufacturerListId": "mainContentPlaceHolder_cb_CC_MANU_ID_chzn_o_63"
	},
	{
		"chargeControllerManufacturerId": "64",
		"chargeControllerManufacturerName": "Sunera Singapore",
		"chargeControllerManufacturerListId": "mainContentPlaceHolder_cb_CC_MANU_ID_chzn_o_64"
	},
	{
		"chargeControllerManufacturerId": "65",
		"chargeControllerManufacturerName": "Sunlife energy Pvt. Ltd.",
		"chargeControllerManufacturerListId": "mainContentPlaceHolder_cb_CC_MANU_ID_chzn_o_65"
	},
	{
		"chargeControllerManufacturerId": "66",
		"chargeControllerManufacturerName": "Susolar Electronics",
		"chargeControllerManufacturerListId": "mainContentPlaceHolder_cb_CC_MANU_ID_chzn_o_66"
	},
	{
		"chargeControllerManufacturerId": "67",
		"chargeControllerManufacturerName": "Supreme Solar Pvt.ltd",
		"chargeControllerManufacturerListId": "mainContentPlaceHolder_cb_CC_MANU_ID_chzn_o_67"
	},
	{
		"chargeControllerManufacturerId": "68",
		"chargeControllerManufacturerName": "Sun Technics Energy System",
		"chargeControllerManufacturerListId": "mainContentPlaceHolder_cb_CC_MANU_ID_chzn_o_68"
	},
	{
		"chargeControllerManufacturerId": "69",
		"chargeControllerManufacturerName": "Taken for Repair",
		"chargeControllerManufacturerListId": "mainContentPlaceHolder_cb_CC_MANU_ID_chzn_o_69"
	},
	{
		"chargeControllerManufacturerId": "70",
		"chargeControllerManufacturerName": "Uland Lighting Company",
		"chargeControllerManufacturerListId": "mainContentPlaceHolder_cb_CC_MANU_ID_chzn_o_70"
	},
	{
		"chargeControllerManufacturerId": "71",
		"chargeControllerManufacturerName": "Unified electronics india LTd",
		"chargeControllerManufacturerListId": "mainContentPlaceHolder_cb_CC_MANU_ID_chzn_o_71"
	},
	{
		"chargeControllerManufacturerId": "72",
		"chargeControllerManufacturerName": "Unique Energy Pvt ltd",
		"chargeControllerManufacturerListId": "mainContentPlaceHolder_cb_CC_MANU_ID_chzn_o_72"
	},
	{
		"chargeControllerManufacturerId": "73",
		"chargeControllerManufacturerName": "Victoriya",
		"chargeControllerManufacturerListId": "mainContentPlaceHolder_cb_CC_MANU_ID_chzn_o_73"
	},
	{
		"chargeControllerManufacturerId": "74",
		"chargeControllerManufacturerName": "VIR ELECTRONICS",
		"chargeControllerManufacturerListId": "mainContentPlaceHolder_cb_CC_MANU_ID_chzn_o_74"
	}
]