[
  {
    "installerId": "0",
    "installerName": "--Select--",
    "installerListId":"mainContentPlaceHolder_cb_INSTALLER_chzn_o_0"
  },
  {
    "installerId": "01",
    "installerName": "Mohan Bahadur Basnet",
	"installerListId":"mainContentPlaceHolder_cb_INSTALLER_chzn_o_1"
  },
  {
    "installerId": "02",
    "installerName": "Jiban Shah",
	"installerListId":"mainContentPlaceHolder_cb_INSTALLER_chzn_o_2"
  },
  {
    "installerId": "03",
    "installerName": "Rabindra Khatri",
	"installerListId":"mainContentPlaceHolder_cb_INSTALLER_chzn_o_3"
  },
  {
    "installerId": "04",
    "installerName": "dhan bahadur budha",
	"installerListId":"mainContentPlaceHolder_cb_INSTALLER_chzn_o_4"
  },
  {
    "installerId": "05",
    "installerName": "Pradip Kumar Paudel",
	"installerListId":"mainContentPlaceHolder_cb_INSTALLER_chzn_o_5"
  },
  {
    "installerId": "06",
    "installerName": "Kiran Kumar Shrestha",
	"installerListId":"mainContentPlaceHolder_cb_INSTALLER_chzn_o_6"
  },
  {
    "installerId": "07",
    "installerName": "Rajkumar baidya",
	"installerListId":"mainContentPlaceHolder_cb_INSTALLER_chzn_o_7"
  },
  {
    "installerId": "08",
    "installerName": "Suresh kumar thing",
	"installerListId":"mainContentPlaceHolder_cb_INSTALLER_chzn_o_8"
  },
  {
    "installerId": "09",
    "installerName": "Shyam kumar karki",
	"installerListId":"mainContentPlaceHolder_cb_INSTALLER_chzn_o_9"
  }
]
