[
	{
		"institutionTypeId": "0",
		"institutionTypeName": "--Select--",
		"institutionTypeListId":"mainContentPlaceHolder_cb_INSTITUTION_TYPE_chzn_o_0"
	},
	{
		"institutionTypeId": "01",
		"institutionTypeName": "Bank",
		"institutionTypeListId":"mainContentPlaceHolder_cb_INSTITUTION_TYPE_chzn_o_1"
	},
	{
		"institutionTypeId": "02",
		"institutionTypeName": "Co-operative",
		"institutionTypeListId":"mainContentPlaceHolder_cb_INSTITUTION_TYPE_chzn_o_2"
	},
	{
		"institutionTypeId": "03",
		"institutionTypeName": "Other",
		"institutionTypeListId":"mainContentPlaceHolder_cb_INSTITUTION_TYPE_chzn_o_3"
	}
]