[
	{
		"lampManufacturerId": "0",
		"lampManufacturerName": "--Select--",
		"lampManufacturerListId": "mainContentPlaceHolder_cb_LM_MANU_ID_chzn_o_0"
	},
	{
		"lampManufacturerId": "01",
		"lampManufacturerName": "Alka Enterprises",
		"lampManufacturerListId": "mainContentPlaceHolder_cb_LM_MANU_ID_chzn_o_1"
	},
	{
		"lampManufacturerId": "02",
		"lampManufacturerName": "Ammini Energy Systems",
		"lampManufacturerListId": "mainContentPlaceHolder_cb_LM_MANU_ID_chzn_o_2"
	},
	{
		"lampManufacturerId": "03",
		"lampManufacturerName": "beijing episolar",
		"lampManufacturerListId": "mainContentPlaceHolder_cb_LM_MANU_ID_chzn_o_3"
	},
	{
		"lampManufacturerId": "04",
		"lampManufacturerName": "Ccsimp& Exp(Ningbo) Co. Ltd.",
		"lampManufacturerListId": "mainContentPlaceHolder_cb_LM_MANU_ID_chzn_o_4"
	},
	{
		"lampManufacturerId": "05",
		"lampManufacturerName": "CCSIMPCO sunrey Energy",
		"lampManufacturerListId": "mainContentPlaceHolder_cb_LM_MANU_ID_chzn_o_5"
	},
	{
		"lampManufacturerId": "06",
		"lampManufacturerName": "DSE Co ltd",
		"lampManufacturerListId": "mainContentPlaceHolder_cb_LM_MANU_ID_chzn_o_6"
	},
	{
		"lampManufacturerId": "07",
		"lampManufacturerName": "Duron Energy Pvt. Ltd.",
		"lampManufacturerListId": "mainContentPlaceHolder_cb_LM_MANU_ID_chzn_o_7"
	},
	{
		"lampManufacturerId": "08",
		"lampManufacturerName": "Eureka Forbes limited",
		"lampManufacturerListId": "mainContentPlaceHolder_cb_LM_MANU_ID_chzn_o_8"
	},
	{
		"lampManufacturerId": "09",
		"lampManufacturerName": "Esun Electronic co ltd Birat energy",
		"lampManufacturerListId": "mainContentPlaceHolder_cb_LM_MANU_ID_chzn_o_9"
	},
	{
		"lampManufacturerId": "10",
		"lampManufacturerName": "Everexceed Solr Corp Pte. Ltd",
		"lampManufacturerListId": "mainContentPlaceHolder_cb_LM_MANU_ID_chzn_o_10"
	},
	{
		"lampManufacturerId": "11",
		"lampManufacturerName": "Everest Solar pvt.ltd",
		"lampManufacturerListId": "mainContentPlaceHolder_cb_LM_MANU_ID_chzn_o_11"
	},
	{
		"lampManufacturerId": "12",
		"lampManufacturerName": "Everest Solar Energy Pvt. Ltd.",
		"lampManufacturerListId": "mainContentPlaceHolder_cb_LM_MANU_ID_chzn_o_12"
	},
	{
		"lampManufacturerId": "13",
		"lampManufacturerName": "Everexceed Solar corp Pte .Ltd Smart Power",
		"lampManufacturerListId": "mainContentPlaceHolder_cb_LM_MANU_ID_chzn_o_13"
	},
	{
		"lampManufacturerId": "14",
		"lampManufacturerName": "Fabrica de Artigos de Plastico Hip Va Hong Kong",
		"lampManufacturerListId": "mainContentPlaceHolder_cb_LM_MANU_ID_chzn_o_14"
	},
	{
		"lampManufacturerId": "15",
		"lampManufacturerName": "Genep Energy System Pvt. Ltd.",
		"lampManufacturerListId": "mainContentPlaceHolder_cb_LM_MANU_ID_chzn_o_15"
	},
	{
		"lampManufacturerId": "16",
		"lampManufacturerName": "Genep Energy System Pvt. Ltd",
		"lampManufacturerListId": "mainContentPlaceHolder_cb_LM_MANU_ID_chzn_o_16"
	},
	{
		"lampManufacturerId": "17",
		"lampManufacturerName": "Guangzhou Linong Lighting Technology",
		"lampManufacturerListId": "mainContentPlaceHolder_cb_LM_MANU_ID_chzn_o_17"
	},
	{
		"lampManufacturerId": "18",
		"lampManufacturerName": "Green Tech Distribution",
		"lampManufacturerListId": "mainContentPlaceHolder_cb_LM_MANU_ID_chzn_o_18"
	},
	{
		"lampManufacturerId": "19",
		"lampManufacturerName": "HK Century Aluminium & Hardware Co. Limited",
		"lampManufacturerListId": "mainContentPlaceHolder_cb_LM_MANU_ID_chzn_o_19"
	},
	{
		"lampManufacturerId": "20",
		"lampManufacturerName": "Hefei Liuming New Energy Technology Co. Ltd.",
		"lampManufacturerListId": "mainContentPlaceHolder_cb_LM_MANU_ID_chzn_o_20"
	},
	{
		"lampManufacturerId": "21",
		"lampManufacturerName": "Hardik Medi-Tech",
		"lampManufacturerListId": "mainContentPlaceHolder_cb_LM_MANU_ID_chzn_o_21"
	},
	{
		"lampManufacturerId": "22",
		"lampManufacturerName": "Hongkong Neway Tech Co. Ltd.",
		"lampManufacturerListId": "mainContentPlaceHolder_cb_LM_MANU_ID_chzn_o_22"
	},
	{
		"lampManufacturerId": "23",
		"lampManufacturerName": "Hangzhou Wibi Electronics Co. Ltd.",
		"lampManufacturerListId": "mainContentPlaceHolder_cb_LM_MANU_ID_chzn_o_23"
	},
	{
		"lampManufacturerId": "24",
		"lampManufacturerName": "Hangzhou Qibi Electronics Co. Ltd.",
		"lampManufacturerListId": "mainContentPlaceHolder_cb_LM_MANU_ID_chzn_o_24"
	},
	{
		"lampManufacturerId": "25",
		"lampManufacturerName": "Innovative Technologies Ltd.",
		"lampManufacturerListId": "mainContentPlaceHolder_cb_LM_MANU_ID_chzn_o_25"
	},
	{
		"lampManufacturerId": "26",
		"lampManufacturerName": "InstaPower Limited",
		"lampManufacturerListId": "mainContentPlaceHolder_cb_LM_MANU_ID_chzn_o_26"
	},
	{
		"lampManufacturerId": "27",
		"lampManufacturerName": "Innovative Technologies Ltd",
		"lampManufacturerListId": "mainContentPlaceHolder_cb_LM_MANU_ID_chzn_o_27"
	},
	{
		"lampManufacturerId": "28",
		"lampManufacturerName": "DPA Optoelectronics (Thailand) Co. Ltd.",
		"lampManufacturerListId": "mainContentPlaceHolder_cb_LM_MANU_ID_chzn_o_28"
	},
	{
		"lampManufacturerId": "29",
		"lampManufacturerName": "Powerwell Solar Co. Ltd.",
		"lampManufacturerListId": "mainContentPlaceHolder_cb_LM_MANU_ID_chzn_o_29"
	},
	{
		"lampManufacturerId": "30",
		"lampManufacturerName": "Labcraft Design Led Lighting",
		"lampManufacturerListId": "mainContentPlaceHolder_cb_LM_MANU_ID_chzn_o_30"
	},
	{
		"lampManufacturerId": "31",
		"lampManufacturerName": "ledsun Hi Teach co ltd",
		"lampManufacturerListId": "mainContentPlaceHolder_cb_LM_MANU_ID_chzn_o_31"
	},
	{
		"lampManufacturerId": "32",
		"lampManufacturerName": "liang guang Shang co",
		"lampManufacturerListId": "mainContentPlaceHolder_cb_LM_MANU_ID_chzn_o_32"
	},
	{
		"lampManufacturerId": "33",
		"lampManufacturerName": "Linkone Power Company Limited",
		"lampManufacturerListId": "mainContentPlaceHolder_cb_LM_MANU_ID_chzn_o_33"
	},
	{
		"lampManufacturerId": "34",
		"lampManufacturerName": "Lasersun Energy Pvt. Ltd.(Osram)",
		"lampManufacturerListId": "mainContentPlaceHolder_cb_LM_MANU_ID_chzn_o_34"
	},
	{
		"lampManufacturerId": "35",
		"lampManufacturerName": "Lotus Energy",
		"lampManufacturerListId": "mainContentPlaceHolder_cb_LM_MANU_ID_chzn_o_35"
	},
	{
		"lampManufacturerId": "36",
		"lampManufacturerName": "Mainhouse (Xiamen) electronics co. ltd",
		"lampManufacturerListId": "mainContentPlaceHolder_cb_LM_MANU_ID_chzn_o_36"
	},
	{
		"lampManufacturerId": "37",
		"lampManufacturerName": "Mindtech Group (H.K) Limited",
		"lampManufacturerListId": "mainContentPlaceHolder_cb_LM_MANU_ID_chzn_o_37"
	},
	{
		"lampManufacturerId": "38",
		"lampManufacturerName": "Ningbo Beitong Imp. & Exp. Co. Ltd.",
		"lampManufacturerListId": "mainContentPlaceHolder_cb_LM_MANU_ID_chzn_o_38"
	},
	{
		"lampManufacturerId": "39",
		"lampManufacturerName": "New Concept  business  co. ltd",
		"lampManufacturerListId": "mainContentPlaceHolder_cb_LM_MANU_ID_chzn_o_39"
	},
	{
		"lampManufacturerId": "40",
		"lampManufacturerName": "Suryodaya Urja Wled",
		"lampManufacturerListId": "mainContentPlaceHolder_cb_LM_MANU_ID_chzn_o_40"
	},
	{
		"lampManufacturerId": "41",
		"lampManufacturerName": "Ningmo Komes Solar",
		"lampManufacturerListId": "mainContentPlaceHolder_cb_LM_MANU_ID_chzn_o_41"
	},
	{
		"lampManufacturerId": "41",
		"lampManufacturerName": "Ningmo Komes Solar",
		"lampManufacturerListId": "mainContentPlaceHolder_cb_LM_MANU_ID_chzn_o_41"
	},
	{
		"lampManufacturerId": "43",
		"lampManufacturerName": "ningbo komes solar Technology Co .ltd",
		"lampManufacturerListId": "mainContentPlaceHolder_cb_LM_MANU_ID_chzn_o_43"
	},
	{
		"lampManufacturerId": "44",
		"lampManufacturerName": "Ningbo Elite Industries pvt lTd",
		"lampManufacturerListId": "mainContentPlaceHolder_cb_LM_MANU_ID_chzn_o_44"
	},
	{
		"lampManufacturerId": "45",
		"lampManufacturerName": "Ningbo Tulip Electron (Industrial) Co., Ltd.",
		"lampManufacturerListId": "mainContentPlaceHolder_cb_LM_MANU_ID_chzn_o_45"
	},
	{
		"lampManufacturerId": "46",
		"lampManufacturerName": "phillips Electronics India Limited",
		"lampManufacturerListId": "mainContentPlaceHolder_cb_LM_MANU_ID_chzn_o_46"
	},
	{
		"lampManufacturerId": "47",
		"lampManufacturerName": "PT Guna Elektro",
		"lampManufacturerListId": "mainContentPlaceHolder_cb_LM_MANU_ID_chzn_o_47"
	},
	{
		"lampManufacturerId": "48",
		"lampManufacturerName": "Penel International Co. Liited",
		"lampManufacturerListId": "mainContentPlaceHolder_cb_LM_MANU_ID_chzn_o_48"
	},
	{
		"lampManufacturerId": "49",
		"lampManufacturerName": "Phocos India Solar Pvt. Ltd.",
		"lampManufacturerListId": "mainContentPlaceHolder_cb_LM_MANU_ID_chzn_o_49"
	},
	{
		"lampManufacturerId": "47",
		"lampManufacturerName": "PT Guna Elektro",
		"lampManufacturerListId": "mainContentPlaceHolder_cb_LM_MANU_ID_chzn_o_47"
	},
	{
		"lampManufacturerId": "51",
		"lampManufacturerName": "PT Sundaya Indonesia",
		"lampManufacturerListId": "mainContentPlaceHolder_cb_LM_MANU_ID_chzn_o_51"
	},
	{
		"lampManufacturerId": "52",
		"lampManufacturerName": "Radio",
		"lampManufacturerListId": "mainContentPlaceHolder_cb_LM_MANU_ID_chzn_o_52"
	},
	{
		"lampManufacturerId": "53",
		"lampManufacturerName": "Rising Solar Technology Co. Ltd.",
		"lampManufacturerListId": "mainContentPlaceHolder_cb_LM_MANU_ID_chzn_o_53"
	},
	{
		"lampManufacturerId": "54",
		"lampManufacturerName": "Suryadaya Urja",
		"lampManufacturerListId": "mainContentPlaceHolder_cb_LM_MANU_ID_chzn_o_54"
	},
	{
		"lampManufacturerId": "55",
		"lampManufacturerName": "Solar Electricity Company",
		"lampManufacturerListId": "mainContentPlaceHolder_cb_LM_MANU_ID_chzn_o_55"
	},
	{
		"lampManufacturerId": "56",
		"lampManufacturerName": "Shangyu Yuanhen Lighting appliance co ltd",
		"lampManufacturerListId": "mainContentPlaceHolder_cb_LM_MANU_ID_chzn_o_56"
	},
	{
		"lampManufacturerId": "57",
		"lampManufacturerName": "Shenzhen jing xin long optoelec tech com ltd",
		"lampManufacturerListId": "mainContentPlaceHolder_cb_LM_MANU_ID_chzn_o_57"
	},
	{
		"lampManufacturerId": "58",
		"lampManufacturerName": "Shenzhen Everluster Opto Electronic Co.Ltd",
		"lampManufacturerListId": "mainContentPlaceHolder_cb_LM_MANU_ID_chzn_o_58"
	},
	{
		"lampManufacturerId": "59",
		"lampManufacturerName": "Shenzhen Smalite Opto-electric Co. ltd.",
		"lampManufacturerListId": "mainContentPlaceHolder_cb_LM_MANU_ID_chzn_o_59"
	},
	{
		"lampManufacturerId": "60",
		"lampManufacturerName": "Solar Land Corporation",
		"lampManufacturerListId": "mainContentPlaceHolder_cb_LM_MANU_ID_chzn_o_60"
	},
	{
		"lampManufacturerId": "61",
		"lampManufacturerName": "Solarland corporation Wiled",
		"lampManufacturerListId": "mainContentPlaceHolder_cb_LM_MANU_ID_chzn_o_61"
	},
	{
		"lampManufacturerId": "62",
		"lampManufacturerName": "Shenzhen Power Solution ind. Co. ltd.",
		"lampManufacturerListId": "mainContentPlaceHolder_cb_LM_MANU_ID_chzn_o_62"
	},
	{
		"lampManufacturerId": "63",
		"lampManufacturerName": "PT Sundaya",
		"lampManufacturerListId": "mainContentPlaceHolder_cb_LM_MANU_ID_chzn_o_63"
	},
	{
		"lampManufacturerId": "64",
		"lampManufacturerName": "SUNDAY",
		"lampManufacturerListId": "mainContentPlaceHolder_cb_LM_MANU_ID_chzn_o_64"
	},
	{
		"lampManufacturerId": "65",
		"lampManufacturerName": "Sunrise Energy & Accessories Works",
		"lampManufacturerListId": "mainContentPlaceHolder_cb_LM_MANU_ID_chzn_o_65"
	},
	{
		"lampManufacturerId": "66",
		"lampManufacturerName": "Sunrise Energy and Works",
		"lampManufacturerListId": "mainContentPlaceHolder_cb_LM_MANU_ID_chzn_o_66"
	},
	{
		"lampManufacturerId": "67",
		"lampManufacturerName": "Suntech Energy Co.",
		"lampManufacturerListId": "mainContentPlaceHolder_cb_LM_MANU_ID_chzn_o_67"
	},
	{
		"lampManufacturerId": "68",
		"lampManufacturerName": "Suntechnics  STL-0",
		"lampManufacturerListId": "mainContentPlaceHolder_cb_LM_MANU_ID_chzn_o_68"
	},
	{
		"lampManufacturerId": "69",
		"lampManufacturerName": "Supreme solar (p) ltd",
		"lampManufacturerListId": "mainContentPlaceHolder_cb_LM_MANU_ID_chzn_o_69"
	},
	{
		"lampManufacturerId": "70",
		"lampManufacturerName": "Tanona International Limited",
		"lampManufacturerListId": "mainContentPlaceHolder_cb_LM_MANU_ID_chzn_o_70"
	},
	{
		"lampManufacturerId": "71",
		"lampManufacturerName": "Topsun Energy pvt. ltd",
		"lampManufacturerListId": "mainContentPlaceHolder_cb_LM_MANU_ID_chzn_o_71"
	},
	{
		"lampManufacturerId": "72",
		"lampManufacturerName": "TV",
		"lampManufacturerListId": "mainContentPlaceHolder_cb_LM_MANU_ID_chzn_o_72"
	},
	{
		"lampManufacturerId": "73",
		"lampManufacturerName": "china Machinery engineering Wuxi.co.LTD ",
		"lampManufacturerListId": "mainContentPlaceHolder_cb_LM_MANU_ID_chzn_o_73"
	},
	{
		"lampManufacturerId": "74",
		"lampManufacturerName": "Xiamen Condour Co. ltd",
		"lampManufacturerListId": "mainContentPlaceHolder_cb_LM_MANU_ID_chzn_o_74"
	},
	{
		"lampManufacturerId": "75",
		"lampManufacturerName": "ximen candour co.ltd",
		"lampManufacturerListId": "mainContentPlaceHolder_cb_LM_MANU_ID_chzn_o_75"
	},
	{
		"lampManufacturerId": "76",
		"lampManufacturerName": "ximen everwin led- tech",
		"lampManufacturerListId": "mainContentPlaceHolder_cb_LM_MANU_ID_chzn_o_76"
	},
	{
		"lampManufacturerId": "77",
		"lampManufacturerName": "Yizheng Karmal",
		"lampManufacturerListId": "mainContentPlaceHolder_cb_LM_MANU_ID_chzn_o_77"
	},
	{
		"lampManufacturerId": "78",
		"lampManufacturerName": "Yuk Trading Company",
		"lampManufacturerListId": "mainContentPlaceHolder_cb_LM_MANU_ID_chzn_o_78"
	},
	{
		"lampManufacturerId": "79",
		"lampManufacturerName": "Zhejiang Macro-solar Technology Co. Ltd.",
		"lampManufacturerListId": "mainContentPlaceHolder_cb_LM_MANU_ID_chzn_o_79"
	},
	{
		"lampManufacturerId": "80",
		"lampManufacturerName": "Zhejiang Chang Yong optoelectronics tech",
		"lampManufacturerListId": "mainContentPlaceHolder_cb_LM_MANU_ID_chzn_o_80"
	},
	{
		"lampManufacturerId": "81",
		"lampManufacturerName": "Zhejiang liangerli photoelectric teach co.ltd",
		"lampManufacturerListId": "mainContentPlaceHolder_cb_LM_MANU_ID_chzn_o_81"
	},
	{
		"lampManufacturerId": "82",
		"lampManufacturerName": "ZHJIANG GLOBRIGHT",
		"lampManufacturerListId": "mainContentPlaceHolder_cb_LM_MANU_ID_chzn_o_82"
	},
	{
		"lampManufacturerId": "83",
		"lampManufacturerName": "Zhongshan Sitelang Optoelectronic tech Co",
		"lampManufacturerListId": "mainContentPlaceHolder_cb_LM_MANU_ID_chzn_o_83"
	},
	{
		"lampManufacturerId": "84",
		"lampManufacturerName": "zhongshan liyinled lighing co. ltd.",
		"lampManufacturerListId": "mainContentPlaceHolder_cb_LM_MANU_ID_chzn_o_84"
	},
	{
		"lampManufacturerId": "85",
		"lampManufacturerName": "Zhongshan yuefeng lighting & Electrical Co. Ltd",
		"lampManufacturerListId": "mainContentPlaceHolder_cb_LM_MANU_ID_chzn_o_85"
	}
]