[
	{
		"panelManufacturerId": "0",
		"panelManufacturerName": "--Select--",
		"panelManufacturerListId": "mainContentPlaceHolder_cb_SP_MANU_ID_chzn_o_0"
	},
	{
		"panelManufacturerId": "01",
		"panelManufacturerName": "Andromedia Energy Technologies Pvt. Ltd.",
		"panelManufacturerListId": "mainContentPlaceHolder_cb_SP_MANU_ID_chzn_o_1"
	},
	{
		"panelManufacturerId": "02",
		"panelManufacturerName": "Alpex Exports Pvt. Ltd.",
		"panelManufacturerListId": "mainContentPlaceHolder_cb_SP_MANU_ID_chzn_o_2"
	},
	{
		"panelManufacturerId": "03",
		"panelManufacturerName": "Andromeda Energy Technology Pvt. LTd",
		"panelManufacturerListId": "mainContentPlaceHolder_cb_SP_MANU_ID_chzn_o_3"
	},
	{
		"panelManufacturerId": "04",
		"panelManufacturerName": "Anhui Ren. Zho. SC Dev Co. Ltd(QJP)",
		"panelManufacturerListId": "mainContentPlaceHolder_cb_SP_MANU_ID_chzn_o_4"
	},
	{
		"panelManufacturerId": "05",
		"panelManufacturerName": "Auxin Solar Corp",
		"panelManufacturerListId": "mainContentPlaceHolder_cb_SP_MANU_ID_chzn_o_5"
	},
	{
		"panelManufacturerId": "06",
		"panelManufacturerName": "Access Solar limited",
		"panelManufacturerListId": "mainContentPlaceHolder_cb_SP_MANU_ID_chzn_o_6"
	},
	{
		"panelManufacturerId": "07",
		"panelManufacturerName": "Astro Power - Photowatt",
		"panelManufacturerListId": "mainContentPlaceHolder_cb_SP_MANU_ID_chzn_o_7"
	},
	{
		"panelManufacturerId": "08",
		"panelManufacturerName": "Atone New Energy Limitd   topsun enrgy pvt ltd",
		"panelManufacturerListId": "mainContentPlaceHolder_cb_SP_MANU_ID_chzn_o_8"
	},
	{
		"panelManufacturerId": "09",
		"panelManufacturerName": "Atone New Energy Limitd  for SSHS  topsun enrgy pvt ltd",
		"panelManufacturerListId": "mainContentPlaceHolder_cb_SP_MANU_ID_chzn_o_9"
	},
	{
		"panelManufacturerId": "10",
		"panelManufacturerName": "Auxin Solar LLC",
		"panelManufacturerListId": "mainContentPlaceHolder_cb_SP_MANU_ID_chzn_o_10"
	},
	{
		"panelManufacturerId": "11",
		"panelManufacturerName": "BP Solar",
		"panelManufacturerListId": "mainContentPlaceHolder_cb_SP_MANU_ID_chzn_o_11"
	},
	{
		"panelManufacturerId": "12",
		"panelManufacturerName": "Canadian Solar inc",
		"panelManufacturerListId": "mainContentPlaceHolder_cb_SP_MANU_ID_chzn_o_12"
	},
	{
		"panelManufacturerId": "13",
		"panelManufacturerName": "Central Electronics Ltd.",
		"panelManufacturerListId": "mainContentPlaceHolder_cb_SP_MANU_ID_chzn_o_13"
	},
	{
		"panelManufacturerId": "14",
		"panelManufacturerName": "Changhou Nesl Solartech Co. Ltd.",
		"panelManufacturerListId": "mainContentPlaceHolder_cb_SP_MANU_ID_chzn_o_14"
	},
	{
		"panelManufacturerId": "15",
		"panelManufacturerName": "China Machinery Engineering wuxi Co .ltd",
		"panelManufacturerListId": "mainContentPlaceHolder_cb_SP_MANU_ID_chzn_o_15"
	},
	{
		"panelManufacturerId": "16",
		"panelManufacturerName": "CNPV Dongying Photovoltaic Power Co.  Ltd.",
		"panelManufacturerListId": "mainContentPlaceHolder_cb_SP_MANU_ID_chzn_o_16"
	},
	{
		"panelManufacturerId": "17",
		"panelManufacturerName": "Changzhou NESL Solartech Co. Ltd.",
		"panelManufacturerListId": "mainContentPlaceHolder_cb_SP_MANU_ID_chzn_o_17"
	},
	{
		"panelManufacturerId": "18",
		"panelManufacturerName": "Conergy",
		"panelManufacturerListId": "mainContentPlaceHolder_cb_SP_MANU_ID_chzn_o_18"
	},
	{
		"panelManufacturerId": "19",
		"panelManufacturerName": "china sunergy (nanjing) co. ltd.",
		"panelManufacturerListId": "mainContentPlaceHolder_cb_SP_MANU_ID_chzn_o_19"
	},
	{
		"panelManufacturerId": "20",
		"panelManufacturerName": "Chinaland Solar Energy Co. Ltd.",
		"panelManufacturerListId": "mainContentPlaceHolder_cb_SP_MANU_ID_chzn_o_20"
	},
	{
		"panelManufacturerId": "21",
		"panelManufacturerName": "Changzhou Sunday Energy Co., Ltd.",
		"panelManufacturerListId": "mainContentPlaceHolder_cb_SP_MANU_ID_chzn_o_21"
	},
	{
		"panelManufacturerId": "22",
		"panelManufacturerName": "DG New technology I & E Co. Ltd",
		"panelManufacturerListId": "mainContentPlaceHolder_cb_SP_MANU_ID_chzn_o_22"
	},
	{
		"panelManufacturerId": "23",
		"panelManufacturerName": "Dongying Photovoltaic Power Company Limited. China",
		"panelManufacturerListId": "mainContentPlaceHolder_cb_SP_MANU_ID_chzn_o_23"
	},
	{
		"panelManufacturerId": "24",
		"panelManufacturerName": "EVEREXCEED CORPORATION",
		"panelManufacturerListId": "mainContentPlaceHolder_cb_SP_MANU_ID_chzn_o_24"
	},
	{
		"panelManufacturerId": "25",
		"panelManufacturerName": "Emmvee Photovoltaic Power Pvt. Ltd.",
		"panelManufacturerListId": "mainContentPlaceHolder_cb_SP_MANU_ID_chzn_o_25"
	},
	{
		"panelManufacturerId": "26",
		"panelManufacturerName": "Emmvee PV Power Pvt Ltd",
		"panelManufacturerListId": "mainContentPlaceHolder_cb_SP_MANU_ID_chzn_o_26"
	},
	{
		"panelManufacturerId": "27",
		"panelManufacturerName": "Energiebau Solarsystemie GmbH",
		"panelManufacturerListId": "mainContentPlaceHolder_cb_SP_MANU_ID_chzn_o_27"
	},
	{
		"panelManufacturerId": "28",
		"panelManufacturerName": "Everexceed Solar crop .Pte. ltd smart Power pvt .ltd",
		"panelManufacturerListId": "mainContentPlaceHolder_cb_SP_MANU_ID_chzn_o_28"
	},
	{
		"panelManufacturerId": "29",
		"panelManufacturerName": "G. E. Energy",
		"panelManufacturerListId": "mainContentPlaceHolder_cb_SP_MANU_ID_chzn_o_29"
	},
	{
		"panelManufacturerId": "30",
		"panelManufacturerName": "HHV Solar Technilogies Pvt. Ltd.",
		"panelManufacturerListId": "mainContentPlaceHolder_cb_SP_MANU_ID_chzn_o_30"
	},
	{
		"panelManufacturerId": "31",
		"panelManufacturerName": "Hilight Solar Pvt. Ltd",
		"panelManufacturerListId": "mainContentPlaceHolder_cb_SP_MANU_ID_chzn_o_31"
	},
	{
		"panelManufacturerId": "32",
		"panelManufacturerName": "Hooray Energy Pte. Ltd.",
		"panelManufacturerListId": "mainContentPlaceHolder_cb_SP_MANU_ID_chzn_o_32"
	},
	{
		"panelManufacturerId": "33",
		"panelManufacturerName": "isofton s.a.",
		"panelManufacturerListId": "mainContentPlaceHolder_cb_SP_MANU_ID_chzn_o_33"
	},
	{
		"panelManufacturerId": "34",
		"panelManufacturerName": "ISOFOTON",
		"panelManufacturerListId": "mainContentPlaceHolder_cb_SP_MANU_ID_chzn_o_34"
	},
	{
		"panelManufacturerId": "35",
		"panelManufacturerName": "jhejing Sun energy co.ltd",
		"panelManufacturerListId": "mainContentPlaceHolder_cb_SP_MANU_ID_chzn_o_35"
	},
	{
		"panelManufacturerId": "36",
		"panelManufacturerName": "JIANGSU JIASHENG Photovoltaic Tecnology Co. Ltd.",
		"panelManufacturerListId": "mainContentPlaceHolder_cb_SP_MANU_ID_chzn_o_36"
	},
	{
		"panelManufacturerId": "37",
		"panelManufacturerName": "Jinhua Dokio Technology Co. Ltd",
		"panelManufacturerListId": "mainContentPlaceHolder_cb_SP_MANU_ID_chzn_o_37"
	},
	{
		"panelManufacturerId": "38",
		"panelManufacturerName": "Jinhua dokio . suntech energy",
		"panelManufacturerListId": "mainContentPlaceHolder_cb_SP_MANU_ID_chzn_o_38"
	},
	{
		"panelManufacturerId": "39",
		"panelManufacturerName": "Jinhua Dokio Technology Co. Ltd.",
		"panelManufacturerListId": "mainContentPlaceHolder_cb_SP_MANU_ID_chzn_o_39"
	},
	{
		"panelManufacturerId": "40",
		"panelManufacturerName": "JJPV Solar Pvt. Ltd.",
		"panelManufacturerListId": "mainContentPlaceHolder_cb_SP_MANU_ID_chzn_o_40"
	},
	{
		"panelManufacturerId": "41",
		"panelManufacturerName": "JUst Solar Co limited",
		"panelManufacturerListId": "mainContentPlaceHolder_cb_SP_MANU_ID_chzn_o_41"
	},
	{
		"panelManufacturerId": "42",
		"panelManufacturerName": "Just Solar",
		"panelManufacturerListId": "mainContentPlaceHolder_cb_SP_MANU_ID_chzn_o_42"
	},
	{
		"panelManufacturerId": "43",
		"panelManufacturerName": "KD new Energy pvt. ltd",
		"panelManufacturerListId": "mainContentPlaceHolder_cb_SP_MANU_ID_chzn_o_43"
	},
	{
		"panelManufacturerId": "44",
		"panelManufacturerName": "Kaneka Corporation",
		"panelManufacturerListId": "mainContentPlaceHolder_cb_SP_MANU_ID_chzn_o_44"
	},
	{
		"panelManufacturerId": "45",
		"panelManufacturerName": "Kirloskar Integrated Technologies",
		"panelManufacturerListId": "mainContentPlaceHolder_cb_SP_MANU_ID_chzn_o_45"
	},
	{
		"panelManufacturerId": "46",
		"panelManufacturerName": "KL Solar Company Pvt. Ltd.",
		"panelManufacturerListId": "mainContentPlaceHolder_cb_SP_MANU_ID_chzn_o_46"
	},
	{
		"panelManufacturerId": "46",
		"panelManufacturerName": "KL Solar Company Pvt. Ltd.",
		"panelManufacturerListId": "mainContentPlaceHolder_cb_SP_MANU_ID_chzn_o_46"
	},
	{
		"panelManufacturerId": "48",
		"panelManufacturerName": "Kotak Urja pvt.ltd",
		"panelManufacturerListId": "mainContentPlaceHolder_cb_SP_MANU_ID_chzn_o_48"
	},
	{
		"panelManufacturerId": "49",
		"panelManufacturerName": "Kyocera Asia Pte. Ltd.",
		"panelManufacturerListId": "mainContentPlaceHolder_cb_SP_MANU_ID_chzn_o_49"
	},
	{
		"panelManufacturerId": "50",
		"panelManufacturerName": "Kyocera Corporation",
		"panelManufacturerListId": "mainContentPlaceHolder_cb_SP_MANU_ID_chzn_o_50"
	},
	{
		"panelManufacturerId": "51",
		"panelManufacturerName": "Ldk Solar Co ltd",
		"panelManufacturerListId": "mainContentPlaceHolder_cb_SP_MANU_ID_chzn_o_51"
	},
	{
		"panelManufacturerId": "52",
		"panelManufacturerName": "LS Solar Pte Ltd",
		"panelManufacturerListId": "mainContentPlaceHolder_cb_SP_MANU_ID_chzn_o_52"
	},
	{
		"panelManufacturerId": "53",
		"panelManufacturerName": "LS Solar Pte Ltd.",
		"panelManufacturerListId": "mainContentPlaceHolder_cb_SP_MANU_ID_chzn_o_53"
	},
	{
		"panelManufacturerId": "54",
		"panelManufacturerName": "Moser Baer Photovoltaic Ltd.",
		"panelManufacturerListId": "mainContentPlaceHolder_cb_SP_MANU_ID_chzn_o_54"
	},
	{
		"panelManufacturerId": "55",
		"panelManufacturerName": "MITSUBISHI Electric Corparation",
		"panelManufacturerListId": "mainContentPlaceHolder_cb_SP_MANU_ID_chzn_o_55"
	},
	{
		"panelManufacturerId": "56",
		"panelManufacturerName": "ML Solar LLC",
		"panelManufacturerListId": "mainContentPlaceHolder_cb_SP_MANU_ID_chzn_o_56"
	},
	{
		"panelManufacturerId": "57",
		"panelManufacturerName": "Moserbare Photovoltaic",
		"panelManufacturerListId": "mainContentPlaceHolder_cb_SP_MANU_ID_chzn_o_57"
	},
	{
		"panelManufacturerId": "58",
		"panelManufacturerName": "Nesl Solartech Co. Ltd",
		"panelManufacturerListId": "mainContentPlaceHolder_cb_SP_MANU_ID_chzn_o_58"
	},
	{
		"panelManufacturerId": "59",
		"panelManufacturerName": "Ningbo Fufan Import & Export Co. Ltd.",
		"panelManufacturerListId": "mainContentPlaceHolder_cb_SP_MANU_ID_chzn_o_59"
	},
	{
		"panelManufacturerId": "60",
		"panelManufacturerName": "Ningbo Homey International Trade Co. Ltd.",
		"panelManufacturerListId": "mainContentPlaceHolder_cb_SP_MANU_ID_chzn_o_60"
	},
	{
		"panelManufacturerId": "61",
		"panelManufacturerName": "Neety International India",
		"panelManufacturerListId": "mainContentPlaceHolder_cb_SP_MANU_ID_chzn_o_61"
	},
	{
		"panelManufacturerId": "62",
		"panelManufacturerName": "Ningbo Komes",
		"panelManufacturerListId": "mainContentPlaceHolder_cb_SP_MANU_ID_chzn_o_62"
	},
	{
		"panelManufacturerId": "63",
		"panelManufacturerName": "Ningbo Reneld Electrical Appliance Co. Ltd. ",
		"panelManufacturerListId": "mainContentPlaceHolder_cb_SP_MANU_ID_chzn_o_63"
	},
	{
		"panelManufacturerId": "64",
		"panelManufacturerName": "Ningbo Best solar",
		"panelManufacturerListId": "mainContentPlaceHolder_cb_SP_MANU_ID_chzn_o_64"
	},
	{
		"panelManufacturerId": "65",
		"panelManufacturerName": "Ningbo Qixin Solar",
		"panelManufacturerListId": "mainContentPlaceHolder_cb_SP_MANU_ID_chzn_o_65"
	},
	{
		"panelManufacturerId": "66",
		"panelManufacturerName": "Ningbo South New Energy Technology Co. ltd",
		"panelManufacturerListId": "mainContentPlaceHolder_cb_SP_MANU_ID_chzn_o_66"
	},
	{
		"panelManufacturerId": "67",
		"panelManufacturerName": "Ningbo Komaes technology Co. Ltd.",
		"panelManufacturerListId": "mainContentPlaceHolder_cb_SP_MANU_ID_chzn_o_67"
	},
	{
		"panelManufacturerId": "68",
		"panelManufacturerName": "No Sticker ( Torn due to weather or by user)",
		"panelManufacturerListId": "mainContentPlaceHolder_cb_SP_MANU_ID_chzn_o_68"
	},
	{
		"panelManufacturerId": "69",
		"panelManufacturerName": "Ningo Zhonghong Photovoltaic Technology Co. Ltd.",
		"panelManufacturerListId": "mainContentPlaceHolder_cb_SP_MANU_ID_chzn_o_69"
	},
	{
		"panelManufacturerId": "70",
		"panelManufacturerName": "Ningbo Osda Solar Co.Ltd",
		"panelManufacturerListId": "mainContentPlaceHolder_cb_SP_MANU_ID_chzn_o_70"
	},
	{
		"panelManufacturerId": "71",
		"panelManufacturerName": "Shenzen Topray Solar Co. Ltd.",
		"panelManufacturerListId": "mainContentPlaceHolder_cb_SP_MANU_ID_chzn_o_71"
	},
	{
		"panelManufacturerId": "72",
		"panelManufacturerName": "Suzhou Resun Solar Energy Co. Ltd.",
		"panelManufacturerListId": "mainContentPlaceHolder_cb_SP_MANU_ID_chzn_o_72"
	},
	{
		"panelManufacturerId": "73",
		"panelManufacturerName": "Ningbo Dauchuan Solar Energy",
		"panelManufacturerListId": "mainContentPlaceHolder_cb_SP_MANU_ID_chzn_o_73"
	},
	{
		"panelManufacturerId": "74",
		"panelManufacturerName": "Neosol Technologies Pvt. Ltd.",
		"panelManufacturerListId": "mainContentPlaceHolder_cb_SP_MANU_ID_chzn_o_74"
	},
	{
		"panelManufacturerId": "75",
		"panelManufacturerName": "Everexceed Industrial Co. Ltd.",
		"panelManufacturerListId": "mainContentPlaceHolder_cb_SP_MANU_ID_chzn_o_75"
	},
	{
		"panelManufacturerId": "76",
		"panelManufacturerName": "Zhejiang Era Solar Technology Co. Ltd.",
		"panelManufacturerListId": "mainContentPlaceHolder_cb_SP_MANU_ID_chzn_o_76"
	},
	{
		"panelManufacturerId": "77",
		"panelManufacturerName": "Ritika Systems Pvt. Ltd.",
		"panelManufacturerListId": "mainContentPlaceHolder_cb_SP_MANU_ID_chzn_o_77"
	},
	{
		"panelManufacturerId": "78",
		"panelManufacturerName": "Dongguan Sunworth Solar En. Co. Ltd.",
		"panelManufacturerListId": "mainContentPlaceHolder_cb_SP_MANU_ID_chzn_o_78"
	},
	{
		"panelManufacturerId": "79",
		"panelManufacturerName": "Jiangsu Wanfeng PV Company Ltd.",
		"panelManufacturerListId": "mainContentPlaceHolder_cb_SP_MANU_ID_chzn_o_79"
	},
	{
		"panelManufacturerId": "80",
		"panelManufacturerName": "Tapan Solar Energy Pvt. Ltd.",
		"panelManufacturerListId": "mainContentPlaceHolder_cb_SP_MANU_ID_chzn_o_80"
	},
	{
		"panelManufacturerId": "81",
		"panelManufacturerName": "Nigbo Reneled New Energy Co. Ltd",
		"panelManufacturerListId": "mainContentPlaceHolder_cb_SP_MANU_ID_chzn_o_81"
	},
	{
		"panelManufacturerId": "82",
		"panelManufacturerName": "Precision Clean-Tech",
		"panelManufacturerListId": "mainContentPlaceHolder_cb_SP_MANU_ID_chzn_o_82"
	},
	{
		"panelManufacturerId": "83",
		"panelManufacturerName": "Philips Electronics India Ltd.",
		"panelManufacturerListId": "mainContentPlaceHolder_cb_SP_MANU_ID_chzn_o_83"
	},
	{
		"panelManufacturerId": "84",
		"panelManufacturerName": "Photon Energy System Ltd (Conergy)",
		"panelManufacturerListId": "mainContentPlaceHolder_cb_SP_MANU_ID_chzn_o_84"
	},
	{
		"panelManufacturerId": "85",
		"panelManufacturerName": "Photonix Solar Pvt. LTd.",
		"panelManufacturerListId": "mainContentPlaceHolder_cb_SP_MANU_ID_chzn_o_85"
	},
	{
		"panelManufacturerId": "86",
		"panelManufacturerName": "Photonix Solar Pvt. Ltd.",
		"panelManufacturerListId": "mainContentPlaceHolder_cb_SP_MANU_ID_chzn_o_86"
	},
	{
		"panelManufacturerId": "87",
		"panelManufacturerName": "Premier Solar System Pvt. Ltd.",
		"panelManufacturerListId": "mainContentPlaceHolder_cb_SP_MANU_ID_chzn_o_87"
	},
	{
		"panelManufacturerId": "88",
		"panelManufacturerName": "Premier Solar System Pvt.LTd",
		"panelManufacturerListId": "mainContentPlaceHolder_cb_SP_MANU_ID_chzn_o_88"
	},
	{
		"panelManufacturerId": "89",
		"panelManufacturerName": "Premier Solar Systems (P) Ltd.",
		"panelManufacturerListId": "mainContentPlaceHolder_cb_SP_MANU_ID_chzn_o_89"
	},
	{
		"panelManufacturerId": "90",
		"panelManufacturerName": "Qinhuangdan Rayking Solar Company pvt",
		"panelManufacturerListId": "mainContentPlaceHolder_cb_SP_MANU_ID_chzn_o_90"
	},
	{
		"panelManufacturerId": "91",
		"panelManufacturerName": "Rahimafrooz Renewable Energy Ltd.",
		"panelManufacturerListId": "mainContentPlaceHolder_cb_SP_MANU_ID_chzn_o_91"
	},
	{
		"panelManufacturerId": "92",
		"panelManufacturerName": "Rayking Industry Limited",
		"panelManufacturerListId": "mainContentPlaceHolder_cb_SP_MANU_ID_chzn_o_92"
	},
	{
		"panelManufacturerId": "93",
		"panelManufacturerName": "Rajasthan Electronics & Instruments Limited",
		"panelManufacturerListId": "mainContentPlaceHolder_cb_SP_MANU_ID_chzn_o_93"
	},
	{
		"panelManufacturerId": "94",
		"panelManufacturerName": "Reliance Industries Ltd",
		"panelManufacturerListId": "mainContentPlaceHolder_cb_SP_MANU_ID_chzn_o_94"
	},
	{
		"panelManufacturerId": "92",
		"panelManufacturerName": "Rayking Industry Limited",
		"panelManufacturerListId": "mainContentPlaceHolder_cb_SP_MANU_ID_chzn_o_92"
	},
	{
		"panelManufacturerId": "96",
		"panelManufacturerName": "Sanyo",
		"panelManufacturerListId": "mainContentPlaceHolder_cb_SP_MANU_ID_chzn_o_96"
	},
	{
		"panelManufacturerId": "97",
		"panelManufacturerName": "Sunera Distribution Pte. Ltd.",
		"panelManufacturerListId": "mainContentPlaceHolder_cb_SP_MANU_ID_chzn_o_97"
	},
	{
		"panelManufacturerId": "98",
		"panelManufacturerName": "Solar Electricity Company Pvt. Ltd.",
		"panelManufacturerListId": "mainContentPlaceHolder_cb_SP_MANU_ID_chzn_o_98"
	},
	{
		"panelManufacturerId": "99",
		"panelManufacturerName": "Senso Technologie co. ltd",
		"panelManufacturerListId": "mainContentPlaceHolder_cb_SP_MANU_ID_chzn_o_99"
	},
	{
		"panelManufacturerId": "100",
		"panelManufacturerName": "Solex Energy (P) Ltd.",
		"panelManufacturerListId": "mainContentPlaceHolder_cb_SP_MANU_ID_chzn_o_100"
	},
	{
		"panelManufacturerId": "101",
		"panelManufacturerName": "Sun Technics Energy System Pvt. Ltd.",
		"panelManufacturerListId": "mainContentPlaceHolder_cb_SP_MANU_ID_chzn_o_101"
	},
	{
		"panelManufacturerId": "102",
		"panelManufacturerName": "Shangang High Light Solar Pvt.Ltd.",
		"panelManufacturerListId": "mainContentPlaceHolder_cb_SP_MANU_ID_chzn_o_102"
	},
	{
		"panelManufacturerId": "103",
		"panelManufacturerName": "Sharp Cooperation",
		"panelManufacturerListId": "mainContentPlaceHolder_cb_SP_MANU_ID_chzn_o_103"
	},
	{
		"panelManufacturerId": "104",
		"panelManufacturerName": "Shinew Ptotoelectronic",
		"panelManufacturerListId": "mainContentPlaceHolder_cb_SP_MANU_ID_chzn_o_104"
	},
	{
		"panelManufacturerId": "105",
		"panelManufacturerName": "Shell Solar PVT  LTD.",
		"panelManufacturerListId": "mainContentPlaceHolder_cb_SP_MANU_ID_chzn_o_105"
	},
	{
		"panelManufacturerId": "106",
		"panelManufacturerName": "Sinodev New Energy",
		"panelManufacturerListId": "mainContentPlaceHolder_cb_SP_MANU_ID_chzn_o_106"
	},
	{
		"panelManufacturerId": "107",
		"panelManufacturerName": "Sunny International Power Corp.",
		"panelManufacturerListId": "mainContentPlaceHolder_cb_SP_MANU_ID_chzn_o_107"
	},
	{
		"panelManufacturerId": "108",
		"panelManufacturerName": "Su-Kam Power System Ltd",
		"panelManufacturerListId": "mainContentPlaceHolder_cb_SP_MANU_ID_chzn_o_108"
	},
	{
		"panelManufacturerId": "109",
		"panelManufacturerName": "Solar Leading Group",
		"panelManufacturerListId": "mainContentPlaceHolder_cb_SP_MANU_ID_chzn_o_109"
	},
	{
		"panelManufacturerId": "110",
		"panelManufacturerName": "Sinodeu New Energy Co. Ltd.",
		"panelManufacturerListId": "mainContentPlaceHolder_cb_SP_MANU_ID_chzn_o_110"
	},
	{
		"panelManufacturerId": "111",
		"panelManufacturerName": "Solar Land china",
		"panelManufacturerListId": "mainContentPlaceHolder_cb_SP_MANU_ID_chzn_o_111"
	},
	{
		"panelManufacturerId": "112",
		"panelManufacturerName": "Solar World (AG)",
		"panelManufacturerListId": "mainContentPlaceHolder_cb_SP_MANU_ID_chzn_o_112"
	},
	{
		"panelManufacturerId": "113",
		"panelManufacturerName": "solar power inc",
		"panelManufacturerListId": "mainContentPlaceHolder_cb_SP_MANU_ID_chzn_o_113"
	},
	{
		"panelManufacturerId": "114",
		"panelManufacturerName": "Sova Power Limited",
		"panelManufacturerListId": "mainContentPlaceHolder_cb_SP_MANU_ID_chzn_o_114"
	},
	{
		"panelManufacturerId": "115",
		"panelManufacturerName": "Shanghai ST Solar Co. Ltd.",
		"panelManufacturerListId": "mainContentPlaceHolder_cb_SP_MANU_ID_chzn_o_115"
	},
	{
		"panelManufacturerId": "116",
		"panelManufacturerName": "shenzhen suoyang new energy co. ltd",
		"panelManufacturerListId": "mainContentPlaceHolder_cb_SP_MANU_ID_chzn_o_116"
	},
	{
		"panelManufacturerId": "117",
		"panelManufacturerName": "surana telecom and power ltd.",
		"panelManufacturerListId": "mainContentPlaceHolder_cb_SP_MANU_ID_chzn_o_117"
	},
	{
		"panelManufacturerId": "118",
		"panelManufacturerName": "SunTechnics Energy Systems Pvt. Ltd.",
		"panelManufacturerListId": "mainContentPlaceHolder_cb_SP_MANU_ID_chzn_o_118"
	},
	{
		"panelManufacturerId": "119",
		"panelManufacturerName": "Sticker torn",
		"panelManufacturerListId": "mainContentPlaceHolder_cb_SP_MANU_ID_chzn_o_119"
	},
	{
		"panelManufacturerId": "120",
		"panelManufacturerName": "Sun Technics",
		"panelManufacturerListId": "mainContentPlaceHolder_cb_SP_MANU_ID_chzn_o_120"
	},
	{
		"panelManufacturerId": "121",
		"panelManufacturerName": "Sun Link",
		"panelManufacturerListId": "mainContentPlaceHolder_cb_SP_MANU_ID_chzn_o_121"
	},
	{
		"panelManufacturerId": "122",
		"panelManufacturerName": "Sunny Intertional Power Corporation",
		"panelManufacturerListId": "mainContentPlaceHolder_cb_SP_MANU_ID_chzn_o_122"
	},
	{
		"panelManufacturerId": "123",
		"panelManufacturerName": "Sunrise Energy",
		"panelManufacturerListId": "mainContentPlaceHolder_cb_SP_MANU_ID_chzn_o_123"
	},
	{
		"panelManufacturerId": "124",
		"panelManufacturerName": "Suntech",
		"panelManufacturerListId": "mainContentPlaceHolder_cb_SP_MANU_ID_chzn_o_124"
	},
	{
		"panelManufacturerId": "125",
		"panelManufacturerName": "Suntech Power Company Ltd.",
		"panelManufacturerListId": "mainContentPlaceHolder_cb_SP_MANU_ID_chzn_o_125"
	},
	{
		"panelManufacturerId": "126",
		"panelManufacturerName": "Sun Technic",
		"panelManufacturerListId": "mainContentPlaceHolder_cb_SP_MANU_ID_chzn_o_126"
	},
	{
		"panelManufacturerId": "127",
		"panelManufacturerName": "Surana Telecom and Power Ltd.",
		"panelManufacturerListId": "mainContentPlaceHolder_cb_SP_MANU_ID_chzn_o_127"
	},
	{
		"panelManufacturerId": "128",
		"panelManufacturerName": "Surana Ventures Limited",
		"panelManufacturerListId": "mainContentPlaceHolder_cb_SP_MANU_ID_chzn_o_128"
	},
	{
		"panelManufacturerId": "129",
		"panelManufacturerName": "TATA  BP SOLAR",
		"panelManufacturerListId": "mainContentPlaceHolder_cb_SP_MANU_ID_chzn_o_129"
	},
	{
		"panelManufacturerId": "130",
		"panelManufacturerName": "Tata BP Solar",
		"panelManufacturerListId": "mainContentPlaceHolder_cb_SP_MANU_ID_chzn_o_130"
	},
	{
		"panelManufacturerId": "131",
		"panelManufacturerName": "Today Deals Inc",
		"panelManufacturerListId": "mainContentPlaceHolder_cb_SP_MANU_ID_chzn_o_131"
	},
	{
		"panelManufacturerId": "132",
		"panelManufacturerName": "Topsun Energy Limited",
		"panelManufacturerListId": "mainContentPlaceHolder_cb_SP_MANU_ID_chzn_o_132"
	},
	{
		"panelManufacturerId": "133",
		"panelManufacturerName": "Tamrag Green Solutions (India) P. Ltd.",
		"panelManufacturerListId": "mainContentPlaceHolder_cb_SP_MANU_ID_chzn_o_133"
	},
	{
		"panelManufacturerId": "134",
		"panelManufacturerName": "Udhaya Semiconductors Ltd.",
		"panelManufacturerListId": "mainContentPlaceHolder_cb_SP_MANU_ID_chzn_o_134"
	},
	{
		"panelManufacturerId": "135",
		"panelManufacturerName": "Vikram Solar pvt ltd",
		"panelManufacturerListId": "mainContentPlaceHolder_cb_SP_MANU_ID_chzn_o_135"
	},
	{
		"panelManufacturerId": "136",
		"panelManufacturerName": "Vikram Solar pvt .ltd",
		"panelManufacturerListId": "mainContentPlaceHolder_cb_SP_MANU_ID_chzn_o_136"
	},
	{
		"panelManufacturerId": "137",
		"panelManufacturerName": "Vikram Solar Pvt. Ltd",
		"panelManufacturerListId": "mainContentPlaceHolder_cb_SP_MANU_ID_chzn_o_137"
	},
	{
		"panelManufacturerId": "138",
		"panelManufacturerName": "Waaree energiessunray",
		"panelManufacturerListId": "mainContentPlaceHolder_cb_SP_MANU_ID_chzn_o_138"
	},
	{
		"panelManufacturerId": "139",
		"panelManufacturerName": "Wuxi C.A.N. Import & Export Co.Ltd.",
		"panelManufacturerListId": "mainContentPlaceHolder_cb_SP_MANU_ID_chzn_o_139"
	},
	{
		"panelManufacturerId": "140",
		"panelManufacturerName": "Waree Energies Pvt. Ltd.",
		"panelManufacturerListId": "mainContentPlaceHolder_cb_SP_MANU_ID_chzn_o_140"
	},
	{
		"panelManufacturerId": "141",
		"panelManufacturerName": "Wuxi Machinary And Equipment Import and Export Co. Ltd",
		"panelManufacturerListId": "mainContentPlaceHolder_cb_SP_MANU_ID_chzn_o_141"
	},
	{
		"panelManufacturerId": "142",
		"panelManufacturerName": "xiamen universe solar technology co. ltd",
		"panelManufacturerListId": "mainContentPlaceHolder_cb_SP_MANU_ID_chzn_o_142"
	},
	{
		"panelManufacturerId": "143",
		"panelManufacturerName": "Yanhzhou K.D new Energy Technology co.ltd topsun energy",
		"panelManufacturerListId": "mainContentPlaceHolder_cb_SP_MANU_ID_chzn_o_143"
	},
	{
		"panelManufacturerId": "144",
		"panelManufacturerName": "Yangzhou K.D New Energy Technology Co. Ltd.",
		"panelManufacturerListId": "mainContentPlaceHolder_cb_SP_MANU_ID_chzn_o_144"
	},
	{
		"panelManufacturerId": "145",
		"panelManufacturerName": "Yunnan Tianda photovoltaic Co. Ltd.",
		"panelManufacturerListId": "mainContentPlaceHolder_cb_SP_MANU_ID_chzn_o_145"
	},
	{
		"panelManufacturerId": "146",
		"panelManufacturerName": "Zhejiang G&F Trading Co. Ltd.",
		"panelManufacturerListId": "mainContentPlaceHolder_cb_SP_MANU_ID_chzn_o_146"
	},
	{
		"panelManufacturerId": "147",
		"panelManufacturerName": "zhejiang Shangcheng Solar tech.com. ltd",
		"panelManufacturerListId": "mainContentPlaceHolder_cb_SP_MANU_ID_chzn_o_147"
	},
	{
		"panelManufacturerId": "148",
		"panelManufacturerName": "Zhejiang G&P New Energy Tech Co. Ltd.",
		"panelManufacturerListId": "mainContentPlaceHolder_cb_SP_MANU_ID_chzn_o_148"
	},
	{
		"panelManufacturerId": "149",
		"panelManufacturerName": "Zhejiang  Koly Energy Co. Ltd",
		"panelManufacturerListId": "mainContentPlaceHolder_cb_SP_MANU_ID_chzn_o_149"
	},
	{
		"panelManufacturerId": "150",
		"panelManufacturerName": "Zhejiang Macro Solar Technology",
		"panelManufacturerListId": "mainContentPlaceHolder_cb_SP_MANU_ID_chzn_o_150"
	},
	{
		"panelManufacturerId": "151",
		"panelManufacturerName": "Zhejiang sunenergy co. ltd.",
		"panelManufacturerListId": "mainContentPlaceHolder_cb_SP_MANU_ID_chzn_o_151"
	},
	{
		"panelManufacturerId": "152",
		"panelManufacturerName": "Zhejiang Macro-solar Technology Co. Ltd.",
		"panelManufacturerListId": "mainContentPlaceHolder_cb_SP_MANU_ID_chzn_o_152"
	},
	{
		"panelManufacturerId": "153",
		"panelManufacturerName": "Zhejiang Macro-Solar technology Co. Ltd.",
		"panelManufacturerListId": "mainContentPlaceHolder_cb_SP_MANU_ID_chzn_o_153"
	},
	{
		"panelManufacturerId": "154",
		"panelManufacturerName": "Zhejiang Sun Energy Co. Ltd",
		"panelManufacturerListId": "mainContentPlaceHolder_cb_SP_MANU_ID_chzn_o_154"
	},
	{
		"panelManufacturerId": "155",
		"panelManufacturerName": "Zhejiang Shinew Photoelectronic Technology Co. ltd.",
		"panelManufacturerListId": "mainContentPlaceHolder_cb_SP_MANU_ID_chzn_o_155"
	},
	{
		"panelManufacturerId": "156",
		"panelManufacturerName": "Zhejiang Shangcheng Solar Technology Co. Ltd.",
		"panelManufacturerListId": "mainContentPlaceHolder_cb_SP_MANU_ID_chzn_o_156"
	}
]